orderbook_timestamp,book,bid,ask,spread
2024-07-17T04:00:00+00:00,btc_mxn,1160240.0,1160750.0,0.04393710962739608
2024-07-17T04:00:01+00:00,btc_mxn,1160240.0,1160750.0,0.04393710962739608
2024-07-17T04:00:02+00:00,btc_mxn,1160240.0,1160750.0,0.04393710962739608
2024-07-17T04:00:04+00:00,btc_mxn,1160240.0,1160750.0,0.04393710962739608
2024-07-17T04:00:05+00:00,btc_mxn,1160240.0,1160750.0,0.04393710962739608
2024-07-17T04:00:06+00:00,btc_mxn,1160240.0,1160750.0,0.04393710962739608
2024-07-17T04:00:07+00:00,btc_mxn,1160240.0,1160750.0,0.04393710962739608
2024-07-17T04:00:08+00:00,btc_mxn,1160240.0,1160750.0,0.04393710962739608
2024-07-17T04:00:10+00:00,btc_mxn,1160240.0,1160750.0,0.04393710962739608
2024-07-17T04:00:11+00:00,btc_mxn,1160240.0,1160750.0,0.04393710962739608
2024-07-17T04:00:12+00:00,btc_mxn,1160240.0,1160750.0,0.04393710962739608
2024-07-17T04:00:13+00:00,btc_mxn,1160240.0,1160750.0,0.04393710962739608
2024-07-17T04:00:14+00:00,btc_mxn,1160240.0,1160750.0,0.04393710962739608
2024-07-17T04:00:16+00:00,btc_mxn,1160240.0,1160750.0,0.04393710962739608
2024-07-17T04:00:17+00:00,btc_mxn,1160240.0,1160750.0,0.04393710962739608
2024-07-17T04:00:18+00:00,btc_mxn,1160240.0,1160750.0,0.04393710962739608
2024-07-17T04:00:19+00:00,btc_mxn,1160240.0,1160750.0,0.04393710962739608
2024-07-17T04:00:20+00:00,btc_mxn,1160240.0,1160750.0,0.04393710962739608
2024-07-17T04:00:21+00:00,btc_mxn,1160240.0,1160750.0,0.04393710962739608
2024-07-17T04:00:22+00:00,btc_mxn,1160240.0,1160750.0,0.04393710962739608
2024-07-17T04:00:24+00:00,btc_mxn,1160240.0,1160750.0,0.04393710962739608
2024-07-17T04:00:25+00:00,btc_mxn,1160240.0,1160750.0,0.04393710962739608
2024-07-17T04:00:26+00:00,btc_mxn,1160240.0,1160750.0,0.04393710962739608
2024-07-17T04:00:27+00:00,btc_mxn,1160240.0,1160750.0,0.04393710962739608
2024-07-17T04:00:28+00:00,btc_mxn,1160240.0,1160750.0,0.04393710962739608
2024-07-17T04:00:30+00:00,btc_mxn,1160240.0,1160750.0,0.04393710962739608
2024-07-17T04:00:31+00:00,btc_mxn,1160240.0,1160750.0,0.04393710962739608
2024-07-17T04:00:32+00:00,btc_mxn,1160240.0,1160750.0,0.04393710962739608
2024-07-17T04:00:33+00:00,btc_mxn,1160240.0,1160750.0,0.04393710962739608
2024-07-17T04:00:34+00:00,btc_mxn,1160240.0,1160750.0,0.04393710962739608
2024-07-17T04:00:36+00:00,btc_mxn,1160240.0,1160750.0,0.04393710962739608
2024-07-17T04:00:37+00:00,btc_mxn,1160240.0,1160750.0,0.04393710962739608
2024-07-17T04:00:38+00:00,btc_mxn,1160240.0,1160750.0,0.04393710962739608
2024-07-17T04:00:39+00:00,btc_mxn,1160240.0,1160750.0,0.04393710962739608
2024-07-17T04:00:40+00:00,btc_mxn,1160240.0,1160750.0,0.04393710962739608
2024-07-17T04:00:42+00:00,btc_mxn,1160240.0,1160750.0,0.04393710962739608
2024-07-17T04:00:43+00:00,btc_mxn,1160240.0,1160750.0,0.04393710962739608
2024-07-17T04:00:44+00:00,btc_mxn,1160240.0,1160750.0,0.04393710962739608
2024-07-17T04:00:45+00:00,btc_mxn,1160240.0,1160750.0,0.04393710962739608
2024-07-17T04:00:46+00:00,btc_mxn,1160240.0,1160750.0,0.04393710962739608
2024-07-17T04:00:47+00:00,btc_mxn,1160240.0,1160750.0,0.04393710962739608
2024-07-17T04:00:48+00:00,btc_mxn,1160240.0,1160750.0,0.04393710962739608
2024-07-17T04:00:50+00:00,btc_mxn,1160240.0,1160750.0,0.04393710962739608
2024-07-17T04:00:51+00:00,btc_mxn,1160240.0,1160750.0,0.04393710962739608
2024-07-17T04:00:52+00:00,btc_mxn,1160240.0,1160750.0,0.04393710962739608
2024-07-17T04:00:53+00:00,btc_mxn,1160240.0,1160750.0,0.04393710962739608
2024-07-17T04:00:54+00:00,btc_mxn,1160240.0,1160750.0,0.04393710962739608
2024-07-17T04:00:55+00:00,btc_mxn,1160240.0,1160750.0,0.04393710962739608
2024-07-17T04:00:57+00:00,btc_mxn,1160240.0,1160750.0,0.04393710962739608
2024-07-17T04:00:58+00:00,btc_mxn,1160240.0,1160750.0,0.04393710962739608
2024-07-17T04:00:59+00:00,btc_mxn,1160240.0,1160750.0,0.04393710962739608
2024-07-17T04:01:00+00:00,btc_mxn,1160240.0,1160750.0,0.04393710962739608
2024-07-17T04:01:01+00:00,btc_mxn,1160240.0,1160750.0,0.04393710962739608
2024-07-17T04:01:02+00:00,btc_mxn,1160240.0,1160750.0,0.04393710962739608
2024-07-17T04:01:04+00:00,btc_mxn,1160240.0,1160750.0,0.04393710962739608
2024-07-17T04:01:05+00:00,btc_mxn,1160240.0,1160750.0,0.04393710962739608
2024-07-17T04:01:06+00:00,btc_mxn,1160240.0,1160750.0,0.04393710962739608
2024-07-17T04:01:07+00:00,btc_mxn,1160240.0,1160750.0,0.04393710962739608
2024-07-17T04:01:08+00:00,btc_mxn,1160240.0,1160750.0,0.04393710962739608
2024-07-17T04:01:09+00:00,btc_mxn,1160240.0,1160750.0,0.04393710962739608
2024-07-17T04:01:11+00:00,btc_mxn,1160240.0,1160750.0,0.04393710962739608
2024-07-17T04:01:12+00:00,btc_mxn,1160240.0,1160750.0,0.04393710962739608
2024-07-17T04:01:13+00:00,btc_mxn,1160240.0,1160750.0,0.04393710962739608
2024-07-17T04:01:14+00:00,btc_mxn,1160240.0,1160750.0,0.04393710962739608
2024-07-17T04:01:15+00:00,btc_mxn,1160240.0,1160750.0,0.04393710962739608
2024-07-17T04:01:17+00:00,btc_mxn,1160240.0,1160750.0,0.04393710962739608
2024-07-17T04:01:18+00:00,btc_mxn,1160240.0,1160750.0,0.04393710962739608
2024-07-17T04:01:19+00:00,btc_mxn,1160240.0,1160750.0,0.04393710962739608
2024-07-17T04:01:20+00:00,btc_mxn,1160240.0,1160750.0,0.04393710962739608
2024-07-17T04:01:21+00:00,btc_mxn,1160240.0,1160750.0,0.04393710962739608
2024-07-17T04:01:22+00:00,btc_mxn,1160240.0,1160750.0,0.04393710962739608
2024-07-17T04:01:24+00:00,btc_mxn,1160240.0,1160750.0,0.04393710962739608
2024-07-17T04:01:25+00:00,btc_mxn,1160240.0,1160750.0,0.04393710962739608
2024-07-17T04:01:26+00:00,btc_mxn,1160240.0,1160750.0,0.04393710962739608
2024-07-17T04:01:27+00:00,btc_mxn,1160240.0,1160750.0,0.04393710962739608
2024-07-17T04:01:28+00:00,btc_mxn,1160240.0,1160750.0,0.04393710962739608
2024-07-17T04:01:29+00:00,btc_mxn,1160240.0,1160750.0,0.04393710962739608
2024-07-17T04:01:31+00:00,btc_mxn,1159979.98,1160750.0,0.06633814344174185
2024-07-17T04:01:32+00:00,btc_mxn,1159979.98,1160750.0,0.06633814344174185
2024-07-17T04:01:33+00:00,btc_mxn,1159979.98,1160750.0,0.06633814344174185
2024-07-17T04:01:34+00:00,btc_mxn,1159979.98,1160750.0,0.06633814344174185
2024-07-17T04:01:35+00:00,btc_mxn,1159979.98,1160750.0,0.06633814344174185
2024-07-17T04:01:37+00:00,btc_mxn,1159979.98,1160750.0,0.06633814344174185
2024-07-17T04:01:38+00:00,btc_mxn,1159979.98,1160800.0,0.07064266023432277
2024-07-17T04:00:00+00:00,btc_mxn,1160240.0,1160750.0,0.04393710962739608
2024-07-17T04:00:01+00:00,btc_mxn,1160240.0,1160750.0,0.04393710962739608
2024-07-17T04:00:02+00:00,btc_mxn,1160240.0,1160750.0,0.04393710962739608
2024-07-17T04:00:04+00:00,btc_mxn,1160240.0,1160750.0,0.04393710962739608
2024-07-17T04:00:05+00:00,btc_mxn,1160240.0,1160750.0,0.04393710962739608
2024-07-17T04:00:06+00:00,btc_mxn,1160240.0,1160750.0,0.04393710962739608
2024-07-17T04:00:07+00:00,btc_mxn,1160240.0,1160750.0,0.04393710962739608
2024-07-17T04:00:09+00:00,btc_mxn,1160240.0,1160750.0,0.04393710962739608
2024-07-17T04:00:10+00:00,btc_mxn,1160240.0,1160750.0,0.04393710962739608
2024-07-17T04:00:11+00:00,btc_mxn,1160240.0,1160750.0,0.04393710962739608
2024-07-17T04:00:12+00:00,btc_mxn,1160240.0,1160750.0,0.04393710962739608
2024-07-17T04:00:13+00:00,btc_mxn,1160240.0,1160750.0,0.04393710962739608
2024-07-17T04:00:14+00:00,btc_mxn,1160240.0,1160750.0,0.04393710962739608
2024-07-17T04:00:16+00:00,btc_mxn,1160240.0,1160750.0,0.04393710962739608
2024-07-17T04:00:17+00:00,btc_mxn,1160240.0,1160750.0,0.04393710962739608
2024-07-17T04:00:18+00:00,btc_mxn,1160240.0,1160750.0,0.04393710962739608
2024-07-17T04:00:19+00:00,btc_mxn,1160240.0,1160750.0,0.04393710962739608
2024-07-17T04:00:20+00:00,btc_mxn,1160240.0,1160750.0,0.04393710962739608
2024-07-17T04:00:21+00:00,btc_mxn,1160240.0,1160750.0,0.04393710962739608
2024-07-17T04:00:22+00:00,btc_mxn,1160240.0,1160750.0,0.04393710962739608
2024-07-17T04:00:24+00:00,btc_mxn,1160240.0,1160750.0,0.04393710962739608
2024-07-17T04:00:25+00:00,btc_mxn,1160240.0,1160750.0,0.04393710962739608
2024-07-17T04:00:26+00:00,btc_mxn,1160240.0,1160750.0,0.04393710962739608
2024-07-17T04:00:27+00:00,btc_mxn,1160240.0,1160750.0,0.04393710962739608
2024-07-17T04:00:28+00:00,btc_mxn,1160240.0,1160750.0,0.04393710962739608
2024-07-17T04:00:29+00:00,btc_mxn,1160240.0,1160750.0,0.04393710962739608
2024-07-17T04:00:31+00:00,btc_mxn,1160240.0,1160750.0,0.04393710962739608
2024-07-17T04:00:32+00:00,btc_mxn,1160240.0,1160750.0,0.04393710962739608
2024-07-17T04:00:33+00:00,btc_mxn,1160240.0,1160750.0,0.04393710962739608
2024-07-17T04:00:34+00:00,btc_mxn,1160240.0,1160750.0,0.04393710962739608
2024-07-17T04:00:35+00:00,btc_mxn,1160240.0,1160750.0,0.04393710962739608
2024-07-17T04:00:37+00:00,btc_mxn,1160240.0,1160750.0,0.04393710962739608
2024-07-17T04:00:38+00:00,btc_mxn,1160240.0,1160750.0,0.04393710962739608
2024-07-17T04:00:39+00:00,btc_mxn,1160240.0,1160750.0,0.04393710962739608
2024-07-17T04:00:40+00:00,btc_mxn,1160240.0,1160750.0,0.04393710962739608
2024-07-17T04:00:41+00:00,btc_mxn,1160240.0,1160750.0,0.04393710962739608
2024-07-17T04:00:42+00:00,btc_mxn,1160240.0,1160750.0,0.04393710962739608
2024-07-17T04:00:43+00:00,btc_mxn,1160240.0,1160750.0,0.04393710962739608
2024-07-17T04:00:45+00:00,btc_mxn,1160240.0,1160750.0,0.04393710962739608
2024-07-17T04:00:46+00:00,btc_mxn,1160240.0,1160750.0,0.04393710962739608
2024-07-17T04:00:47+00:00,btc_mxn,1160240.0,1160750.0,0.04393710962739608
2024-07-17T04:00:48+00:00,btc_mxn,1160240.0,1160750.0,0.04393710962739608
2024-07-17T04:00:49+00:00,btc_mxn,1160240.0,1160750.0,0.04393710962739608
2024-07-17T04:00:50+00:00,btc_mxn,1160240.0,1160750.0,0.04393710962739608
2024-07-17T04:00:52+00:00,btc_mxn,1160240.0,1160750.0,0.04393710962739608
2024-07-17T04:00:53+00:00,btc_mxn,1160240.0,1160750.0,0.04393710962739608
2024-07-17T04:00:54+00:00,btc_mxn,1160240.0,1160750.0,0.04393710962739608
2024-07-17T04:00:55+00:00,btc_mxn,1160240.0,1160750.0,0.04393710962739608
2024-07-17T04:00:56+00:00,btc_mxn,1160240.0,1160750.0,0.04393710962739608
2024-07-17T04:00:57+00:00,btc_mxn,1160240.0,1160750.0,0.04393710962739608
2024-07-17T04:00:59+00:00,btc_mxn,1160240.0,1160750.0,0.04393710962739608
2024-07-17T04:01:00+00:00,btc_mxn,1160240.0,1160750.0,0.04393710962739608
2024-07-17T04:01:01+00:00,btc_mxn,1160240.0,1160750.0,0.04393710962739608
2024-07-17T04:01:02+00:00,btc_mxn,1160240.0,1160750.0,0.04393710962739608
2024-07-17T04:01:03+00:00,btc_mxn,1160240.0,1160750.0,0.04393710962739608
2024-07-17T04:01:04+00:00,btc_mxn,1160240.0,1160750.0,0.04393710962739608
2024-07-17T04:01:06+00:00,btc_mxn,1160240.0,1160750.0,0.04393710962739608
2024-07-17T04:01:07+00:00,btc_mxn,1160240.0,1160750.0,0.04393710962739608
2024-07-17T04:01:08+00:00,btc_mxn,1160240.0,1160750.0,0.04393710962739608
2024-07-17T04:01:09+00:00,btc_mxn,1160240.0,1160750.0,0.04393710962739608
2024-07-17T04:01:10+00:00,btc_mxn,1160240.0,1160750.0,0.04393710962739608
2024-07-17T04:01:11+00:00,btc_mxn,1160240.0,1160750.0,0.04393710962739608
2024-07-17T04:01:13+00:00,btc_mxn,1160240.0,1160750.0,0.04393710962739608
2024-07-17T04:01:14+00:00,btc_mxn,1160240.0,1160750.0,0.04393710962739608
2024-07-17T04:01:15+00:00,btc_mxn,1160240.0,1160750.0,0.04393710962739608
2024-07-17T04:01:16+00:00,btc_mxn,1160240.0,1160750.0,0.04393710962739608
2024-07-17T04:01:17+00:00,btc_mxn,1160240.0,1160750.0,0.04393710962739608
2024-07-17T04:01:18+00:00,btc_mxn,1160240.0,1160750.0,0.04393710962739608
2024-07-17T04:01:20+00:00,btc_mxn,1160240.0,1160750.0,0.04393710962739608
2024-07-17T04:01:21+00:00,btc_mxn,1160240.0,1160750.0,0.04393710962739608
2024-07-17T04:01:22+00:00,btc_mxn,1160240.0,1160750.0,0.04393710962739608
2024-07-17T04:01:23+00:00,btc_mxn,1160240.0,1160750.0,0.04393710962739608
2024-07-17T04:01:24+00:00,btc_mxn,1160240.0,1160750.0,0.04393710962739608
2024-07-17T04:01:25+00:00,btc_mxn,1160240.0,1160750.0,0.04393710962739608
2024-07-17T04:01:27+00:00,btc_mxn,1160240.0,1160750.0,0.04393710962739608
2024-07-17T04:01:28+00:00,btc_mxn,1160240.0,1160750.0,0.04393710962739608
2024-07-17T04:01:29+00:00,btc_mxn,1160240.0,1160750.0,0.04393710962739608
2024-07-17T04:01:30+00:00,btc_mxn,1159979.98,1160750.0,0.06633814344174185
2024-07-17T04:01:31+00:00,btc_mxn,1159979.98,1160750.0,0.06633814344174185
2024-07-17T04:01:32+00:00,btc_mxn,1159979.98,1160750.0,0.06633814344174185
2024-07-17T04:01:34+00:00,btc_mxn,1159979.98,1160750.0,0.06633814344174185
2024-07-17T04:01:35+00:00,btc_mxn,1159979.98,1160750.0,0.06633814344174185
2024-07-17T04:01:36+00:00,btc_mxn,1159979.98,1160750.0,0.06633814344174185
2024-07-17T04:01:37+00:00,btc_mxn,1159979.98,1160750.0,0.06633814344174185
2024-07-17T04:01:38+00:00,btc_mxn,1159979.98,1160800.0,0.07064266023432277
2024-07-17T04:01:39+00:00,btc_mxn,1159979.98,1160800.0,0.07064266023432277
2024-07-17T04:01:41+00:00,btc_mxn,1159979.98,1160800.0,0.07064266023432277
2024-07-17T04:01:42+00:00,btc_mxn,1159979.98,1160800.0,0.07064266023432277
2024-07-17T04:01:43+00:00,btc_mxn,1159979.98,1160800.0,0.07064266023432277
2024-07-17T04:01:44+00:00,btc_mxn,1159979.98,1160800.0,0.07064266023432277
2024-07-17T04:01:45+00:00,btc_mxn,1159979.98,1160800.0,0.07064266023432277
2024-07-17T04:01:47+00:00,btc_mxn,1159979.98,1160800.0,0.07064266023432277
2024-07-17T04:00:00+00:00,btc_mxn,1160240.0,1160750.0,0.04393710962739608
2024-07-17T04:00:01+00:00,btc_mxn,1160240.0,1160750.0,0.04393710962739608
2024-07-17T04:00:02+00:00,btc_mxn,1160240.0,1160750.0,0.04393710962739608
2024-07-17T04:00:03+00:00,btc_mxn,1160240.0,1160750.0,0.04393710962739608
2024-07-17T04:00:04+00:00,btc_mxn,1160240.0,1160750.0,0.04393710962739608
2024-07-17T04:00:06+00:00,btc_mxn,1160240.0,1160750.0,0.04393710962739608
2024-07-17T04:00:07+00:00,btc_mxn,1160240.0,1160750.0,0.04393710962739608
2024-07-17T04:00:08+00:00,btc_mxn,1160240.0,1160750.0,0.04393710962739608
2024-07-17T04:00:09+00:00,btc_mxn,1160240.0,1160750.0,0.04393710962739608
2024-07-17T04:00:10+00:00,btc_mxn,1160240.0,1160750.0,0.04393710962739608
2024-07-17T04:00:11+00:00,btc_mxn,1160240.0,1160750.0,0.04393710962739608
2024-07-17T04:00:13+00:00,btc_mxn,1160240.0,1160750.0,0.04393710962739608
2024-07-17T04:00:14+00:00,btc_mxn,1160240.0,1160750.0,0.04393710962739608
2024-07-17T04:00:15+00:00,btc_mxn,1160240.0,1160750.0,0.04393710962739608
2024-07-17T04:00:16+00:00,btc_mxn,1160240.0,1160750.0,0.04393710962739608
2024-07-17T04:00:18+00:00,btc_mxn,1160240.0,1160750.0,0.04393710962739608
2024-07-17T04:00:19+00:00,btc_mxn,1160240.0,1160750.0,0.04393710962739608
2024-07-17T04:00:20+00:00,btc_mxn,1160240.0,1160750.0,0.04393710962739608
2024-07-17T04:00:21+00:00,btc_mxn,1160240.0,1160750.0,0.04393710962739608
2024-07-17T04:00:22+00:00,btc_mxn,1160240.0,1160750.0,0.04393710962739608
2024-07-17T04:00:23+00:00,btc_mxn,1160240.0,1160750.0,0.04393710962739608
2024-07-17T04:00:24+00:00,btc_mxn,1160240.0,1160750.0,0.04393710962739608
2024-07-17T04:00:26+00:00,btc_mxn,1160240.0,1160750.0,0.04393710962739608
2024-07-17T04:00:27+00:00,btc_mxn,1160240.0,1160750.0,0.04393710962739608
2024-07-17T04:00:28+00:00,btc_mxn,1160240.0,1160750.0,0.04393710962739608
2024-07-17T04:00:29+00:00,btc_mxn,1160240.0,1160750.0,0.04393710962739608
2024-07-17T04:00:30+00:00,btc_mxn,1160240.0,1160750.0,0.04393710962739608
2024-07-17T04:00:32+00:00,btc_mxn,1160240.0,1160750.0,0.04393710962739608
2024-07-17T04:00:33+00:00,btc_mxn,1160240.0,1160750.0,0.04393710962739608
2024-07-17T04:00:34+00:00,btc_mxn,1160240.0,1160750.0,0.04393710962739608
2024-07-17T04:00:35+00:00,btc_mxn,1160240.0,1160750.0,0.04393710962739608
2024-07-17T04:00:36+00:00,btc_mxn,1160240.0,1160750.0,0.04393710962739608
2024-07-17T04:00:37+00:00,btc_mxn,1160240.0,1160750.0,0.04393710962739608
2024-07-17T04:00:39+00:00,btc_mxn,1160240.0,1160750.0,0.04393710962739608
2024-07-17T04:00:40+00:00,btc_mxn,1160240.0,1160750.0,0.04393710962739608
2024-07-17T04:00:41+00:00,btc_mxn,1160240.0,1160750.0,0.04393710962739608
2024-07-17T04:00:42+00:00,btc_mxn,1160240.0,1160750.0,0.04393710962739608
2024-07-17T04:00:43+00:00,btc_mxn,1160240.0,1160750.0,0.04393710962739608
2024-07-17T04:00:44+00:00,btc_mxn,1160240.0,1160750.0,0.04393710962739608
2024-07-17T04:00:46+00:00,btc_mxn,1160240.0,1160750.0,0.04393710962739608
2024-07-17T04:00:47+00:00,btc_mxn,1160240.0,1160750.0,0.04393710962739608
2024-07-17T04:00:48+00:00,btc_mxn,1160240.0,1160750.0,0.04393710962739608
2024-07-17T04:00:49+00:00,btc_mxn,1160240.0,1160750.0,0.04393710962739608
2024-07-17T04:00:50+00:00,btc_mxn,1160240.0,1160750.0,0.04393710962739608
2024-07-17T04:00:52+00:00,btc_mxn,1160240.0,1160750.0,0.04393710962739608
2024-07-17T04:00:53+00:00,btc_mxn,1160240.0,1160750.0,0.04393710962739608
2024-07-17T04:00:54+00:00,btc_mxn,1160240.0,1160750.0,0.04393710962739608
2024-07-17T04:00:55+00:00,btc_mxn,1160240.0,1160750.0,0.04393710962739608
2024-07-17T04:00:56+00:00,btc_mxn,1160240.0,1160750.0,0.04393710962739608
2024-07-17T04:00:57+00:00,btc_mxn,1160240.0,1160750.0,0.04393710962739608
2024-07-17T04:00:58+00:00,btc_mxn,1160240.0,1160750.0,0.04393710962739608
2024-07-17T04:01:00+00:00,btc_mxn,1160240.0,1160750.0,0.04393710962739608
2024-07-17T04:01:01+00:00,btc_mxn,1160240.0,1160750.0,0.04393710962739608
2024-07-17T04:01:02+00:00,btc_mxn,1160240.0,1160750.0,0.04393710962739608
2024-07-17T04:01:03+00:00,btc_mxn,1160240.0,1160750.0,0.04393710962739608
2024-07-17T04:01:04+00:00,btc_mxn,1160240.0,1160750.0,0.04393710962739608
2024-07-17T04:01:06+00:00,btc_mxn,1160240.0,1160750.0,0.04393710962739608
2024-07-17T04:01:07+00:00,btc_mxn,1160240.0,1160750.0,0.04393710962739608
2024-07-17T04:01:08+00:00,btc_mxn,1160240.0,1160750.0,0.04393710962739608
2024-07-17T04:01:09+00:00,btc_mxn,1160240.0,1160750.0,0.04393710962739608
2024-07-17T04:01:10+00:00,btc_mxn,1160240.0,1160750.0,0.04393710962739608
2024-07-17T04:01:11+00:00,btc_mxn,1160240.0,1160750.0,0.04393710962739608
2024-07-17T04:01:13+00:00,btc_mxn,1160240.0,1160750.0,0.04393710962739608
2024-07-17T04:01:14+00:00,btc_mxn,1160240.0,1160750.0,0.04393710962739608
2024-07-17T04:01:15+00:00,btc_mxn,1160240.0,1160750.0,0.04393710962739608
2024-07-17T04:01:16+00:00,btc_mxn,1160240.0,1160750.0,0.04393710962739608
2024-07-17T04:01:17+00:00,btc_mxn,1160240.0,1160750.0,0.04393710962739608
2024-07-17T04:01:18+00:00,btc_mxn,1160240.0,1160750.0,0.04393710962739608
2024-07-17T04:01:20+00:00,btc_mxn,1160240.0,1160750.0,0.04393710962739608
2024-07-17T04:01:21+00:00,btc_mxn,1160240.0,1160750.0,0.04393710962739608
2024-07-17T04:01:22+00:00,btc_mxn,1160240.0,1160750.0,0.04393710962739608
2024-07-17T04:01:23+00:00,btc_mxn,1160240.0,1160750.0,0.04393710962739608
2024-07-17T04:01:24+00:00,btc_mxn,1160240.0,1160750.0,0.04393710962739608
2024-07-17T04:01:25+00:00,btc_mxn,1160240.0,1160750.0,0.04393710962739608
2024-07-17T04:01:27+00:00,btc_mxn,1160240.0,1160750.0,0.04393710962739608
2024-07-17T04:01:28+00:00,btc_mxn,1160240.0,1160750.0,0.04393710962739608
2024-07-17T04:01:29+00:00,btc_mxn,1160240.0,1160750.0,0.04393710962739608
2024-07-17T04:01:30+00:00,btc_mxn,1159979.98,1160750.0,0.06633814344174185
2024-07-17T04:01:31+00:00,btc_mxn,1159979.98,1160750.0,0.06633814344174185
2024-07-17T04:01:32+00:00,btc_mxn,1159979.98,1160750.0,0.06633814344174185
2024-07-17T04:01:34+00:00,btc_mxn,1159979.98,1160750.0,0.06633814344174185
2024-07-17T04:01:35+00:00,btc_mxn,1159979.98,1160750.0,0.06633814344174185
2024-07-17T04:01:36+00:00,btc_mxn,1159979.98,1160750.0,0.06633814344174185
2024-07-17T04:01:37+00:00,btc_mxn,1159979.98,1160750.0,0.06633814344174185
2024-07-17T04:01:38+00:00,btc_mxn,1159979.98,1160800.0,0.07064266023432277
2024-07-17T04:01:40+00:00,btc_mxn,1159979.98,1160800.0,0.07064266023432277
2024-07-17T04:01:41+00:00,btc_mxn,1159979.98,1160800.0,0.07064266023432277
2024-07-17T04:01:42+00:00,btc_mxn,1159979.98,1160800.0,0.07064266023432277
2024-07-17T04:01:43+00:00,btc_mxn,1159979.98,1160800.0,0.07064266023432277
2024-07-17T04:01:44+00:00,btc_mxn,1159979.98,1160800.0,0.07064266023432277
2024-07-17T04:01:45+00:00,btc_mxn,1159979.98,1160800.0,0.07064266023432277
2024-07-17T04:01:47+00:00,btc_mxn,1159979.98,1160800.0,0.07064266023432277
2024-07-17T04:01:48+00:00,btc_mxn,1159979.98,1160800.0,0.07064266023432277
2024-07-17T04:01:49+00:00,btc_mxn,1159979.98,1160800.0,0.07064266023432277
2024-07-17T04:01:50+00:00,btc_mxn,1159979.98,1160800.0,0.07064266023432277
2024-07-17T04:01:52+00:00,btc_mxn,1159979.98,1160800.0,0.07064266023432277
2024-07-17T04:01:52+00:00,btc_mxn,1159979.98,1160800.0,0.07064266023432277
2024-07-17T04:01:54+00:00,btc_mxn,1159979.98,1160800.0,0.07064266023432277
2024-07-17T04:01:55+00:00,btc_mxn,1159979.98,1160800.0,0.07064266023432277
2024-07-17T04:01:56+00:00,btc_mxn,1159979.98,1160800.0,0.07064266023432277
2024-07-17T04:01:57+00:00,btc_mxn,1159979.98,1160800.0,0.07064266023432277
2024-07-17T04:01:58+00:00,btc_mxn,1159979.98,1160800.0,0.07064266023432277
2024-07-17T04:01:59+00:00,btc_mxn,1159979.98,1160800.0,0.07064266023432277
2024-07-17T04:02:00+00:00,btc_mxn,1159979.98,1160800.0,0.07064266023432277
2024-07-17T04:02:02+00:00,btc_mxn,1159979.98,1160800.0,0.07064266023432277
2024-07-17T04:02:03+00:00,btc_mxn,1159979.98,1160800.0,0.07064266023432277
2024-07-17T04:02:04+00:00,btc_mxn,1159979.98,1160800.0,0.07064266023432277
2024-07-17T04:02:05+00:00,btc_mxn,1159979.98,1160800.0,0.07064266023432277
2024-07-17T04:02:06+00:00,btc_mxn,1159979.98,1160800.0,0.07064266023432277
2024-07-17T04:02:07+00:00,btc_mxn,1158879.98,1158880.02,3.451608393184042e-06
2024-07-17T04:02:09+00:00,btc_mxn,1158879.98,1158880.02,3.451608393184042e-06
2024-07-17T04:02:10+00:00,btc_mxn,1158879.98,1158880.02,3.451608393184042e-06
2024-07-17T04:02:11+00:00,btc_mxn,1158879.98,1158880.02,3.451608393184042e-06
2024-07-17T04:02:12+00:00,btc_mxn,1158879.98,1158880.02,3.451608393184042e-06
2024-07-17T04:02:13+00:00,btc_mxn,1158879.98,1158880.02,3.451608393184042e-06
2024-07-17T04:02:15+00:00,btc_mxn,1158879.98,1158880.02,3.451608393184042e-06
2024-07-17T04:02:16+00:00,btc_mxn,1158879.98,1158880.02,3.451608393184042e-06
2024-07-17T04:02:17+00:00,btc_mxn,1158879.98,1158880.02,3.451608393184042e-06
2024-07-17T04:02:18+00:00,btc_mxn,1158879.98,1158880.02,3.451608393184042e-06
2024-07-17T04:02:19+00:00,btc_mxn,1158879.98,1158880.02,3.451608393184042e-06
2024-07-17T04:02:21+00:00,btc_mxn,1158879.98,1158880.02,3.451608393184042e-06
2024-07-17T04:02:22+00:00,btc_mxn,1158879.98,1158880.02,3.451608393184042e-06
2024-07-17T04:02:23+00:00,btc_mxn,1158879.98,1158880.02,3.451608393184042e-06
2024-07-17T04:02:24+00:00,btc_mxn,1158879.98,1158880.02,3.451608393184042e-06
2024-07-17T04:02:25+00:00,btc_mxn,1158879.98,1158880.02,3.451608393184042e-06
2024-07-17T04:02:26+00:00,btc_mxn,1158879.98,1158880.02,3.451608393184042e-06
2024-07-17T04:02:28+00:00,btc_mxn,1158879.98,1158880.02,3.451608393184042e-06
2024-07-17T04:02:29+00:00,btc_mxn,1158879.98,1158880.02,3.451608393184042e-06
2024-07-17T04:02:30+00:00,btc_mxn,1158879.98,1158880.02,3.451608393184042e-06
2024-07-17T04:02:32+00:00,btc_mxn,1158879.98,1158880.02,3.451608393184042e-06
2024-07-17T04:02:33+00:00,btc_mxn,1158879.98,1158880.02,3.451608393184042e-06
2024-07-17T04:02:34+00:00,btc_mxn,1158879.98,1158880.02,3.451608393184042e-06
2024-07-17T04:02:35+00:00,btc_mxn,1158879.98,1158880.02,3.451608393184042e-06
2024-07-17T04:02:36+00:00,btc_mxn,1158879.98,1158880.02,3.451608393184042e-06
2024-07-17T04:02:37+00:00,btc_mxn,1158879.98,1158880.02,3.451608393184042e-06
2024-07-17T04:02:38+00:00,btc_mxn,1158879.98,1158880.02,3.451608393184042e-06
2024-07-17T04:02:40+00:00,btc_mxn,1158879.98,1158880.02,3.451608393184042e-06
2024-07-17T04:02:41+00:00,btc_mxn,1158879.98,1158880.02,3.451608393184042e-06
2024-07-17T04:02:42+00:00,btc_mxn,1158879.98,1158880.02,3.451608393184042e-06
2024-07-17T04:02:43+00:00,btc_mxn,1158879.98,1158880.02,3.451608393184042e-06
2024-07-17T04:02:44+00:00,btc_mxn,1158879.98,1158880.02,3.451608393184042e-06
2024-07-17T04:02:45+00:00,btc_mxn,1158879.98,1158880.02,3.451608393184042e-06
2024-07-17T04:02:47+00:00,btc_mxn,1158879.98,1158880.02,3.451608393184042e-06
2024-07-17T04:02:48+00:00,btc_mxn,1158879.98,1158880.02,3.451608393184042e-06
2024-07-17T04:02:49+00:00,btc_mxn,1158879.98,1158880.02,3.451608393184042e-06
2024-07-17T04:02:50+00:00,btc_mxn,1158879.98,1158880.02,3.451608393184042e-06
2024-07-17T04:02:51+00:00,btc_mxn,1158879.98,1158880.02,3.451608393184042e-06
2024-07-17T04:02:52+00:00,btc_mxn,1158879.98,1158880.02,3.451608393184042e-06
2024-07-17T04:02:54+00:00,btc_mxn,1158879.98,1158880.02,3.451608393184042e-06
2024-07-17T04:02:55+00:00,btc_mxn,1158879.98,1158880.02,3.451608393184042e-06
2024-07-17T04:00:00+00:00,btc_mxn,1160240.0,1160750.0,0.04393710962739608
2024-07-17T04:00:01+00:00,btc_mxn,1160240.0,1160750.0,0.04393710962739608
2024-07-17T04:00:02+00:00,btc_mxn,1160240.0,1160750.0,0.04393710962739608
2024-07-17T04:00:03+00:00,btc_mxn,1160240.0,1160750.0,0.04393710962739608
2024-07-17T04:00:04+00:00,btc_mxn,1160240.0,1160750.0,0.04393710962739608
2024-07-17T04:00:06+00:00,btc_mxn,1160240.0,1160750.0,0.04393710962739608
2024-07-17T04:00:07+00:00,btc_mxn,1160240.0,1160750.0,0.04393710962739608
2024-07-17T04:00:08+00:00,btc_mxn,1160240.0,1160750.0,0.04393710962739608
2024-07-17T04:00:09+00:00,btc_mxn,1160240.0,1160750.0,0.04393710962739608
2024-07-17T04:00:10+00:00,btc_mxn,1160240.0,1160750.0,0.04393710962739608
2024-07-17T04:00:12+00:00,btc_mxn,1160240.0,1160750.0,0.04393710962739608
2024-07-17T04:00:13+00:00,btc_mxn,1160240.0,1160750.0,0.04393710962739608
2024-07-17T04:00:14+00:00,btc_mxn,1160240.0,1160750.0,0.04393710962739608
2024-07-17T04:00:15+00:00,btc_mxn,1160240.0,1160750.0,0.04393710962739608
2024-07-17T04:00:16+00:00,btc_mxn,1160240.0,1160750.0,0.04393710962739608
2024-07-17T04:00:18+00:00,btc_mxn,1160240.0,1160750.0,0.04393710962739608
2024-07-17T04:00:19+00:00,btc_mxn,1160240.0,1160750.0,0.04393710962739608
2024-07-17T04:00:20+00:00,btc_mxn,1160240.0,1160750.0,0.04393710962739608
2024-07-17T04:00:21+00:00,btc_mxn,1160240.0,1160750.0,0.04393710962739608
2024-07-17T04:00:22+00:00,btc_mxn,1160240.0,1160750.0,0.04393710962739608
2024-07-17T04:00:23+00:00,btc_mxn,1160240.0,1160750.0,0.04393710962739608
2024-07-17T04:00:25+00:00,btc_mxn,1160240.0,1160750.0,0.04393710962739608
2024-07-17T04:00:26+00:00,btc_mxn,1160240.0,1160750.0,0.04393710962739608
2024-07-17T04:00:27+00:00,btc_mxn,1160240.0,1160750.0,0.04393710962739608
2024-07-17T04:00:28+00:00,btc_mxn,1160240.0,1160750.0,0.04393710962739608
2024-07-17T04:00:29+00:00,btc_mxn,1160240.0,1160750.0,0.04393710962739608
2024-07-17T04:00:30+00:00,btc_mxn,1160240.0,1160750.0,0.04393710962739608
2024-07-17T04:00:32+00:00,btc_mxn,1160240.0,1160750.0,0.04393710962739608
2024-07-17T04:00:33+00:00,btc_mxn,1160240.0,1160750.0,0.04393710962739608
2024-07-17T04:00:34+00:00,btc_mxn,1160240.0,1160750.0,0.04393710962739608
2024-07-17T04:00:35+00:00,btc_mxn,1160240.0,1160750.0,0.04393710962739608
2024-07-17T04:00:36+00:00,btc_mxn,1160240.0,1160750.0,0.04393710962739608
2024-07-17T04:00:37+00:00,btc_mxn,1160240.0,1160750.0,0.04393710962739608
2024-07-17T04:00:39+00:00,btc_mxn,1160240.0,1160750.0,0.04393710962739608
2024-07-17T04:00:40+00:00,btc_mxn,1160240.0,1160750.0,0.04393710962739608
2024-07-17T04:00:41+00:00,btc_mxn,1160240.0,1160750.0,0.04393710962739608
2024-07-17T04:00:42+00:00,btc_mxn,1160240.0,1160750.0,0.04393710962739608
2024-07-17T04:00:43+00:00,btc_mxn,1160240.0,1160750.0,0.04393710962739608
2024-07-17T04:00:44+00:00,btc_mxn,1160240.0,1160750.0,0.04393710962739608
2024-07-17T04:00:46+00:00,btc_mxn,1160240.0,1160750.0,0.04393710962739608
2024-07-17T04:00:47+00:00,btc_mxn,1160240.0,1160750.0,0.04393710962739608
2024-07-17T04:00:48+00:00,btc_mxn,1160240.0,1160750.0,0.04393710962739608
2024-07-17T04:00:49+00:00,btc_mxn,1160240.0,1160750.0,0.04393710962739608
2024-07-17T04:00:50+00:00,btc_mxn,1160240.0,1160750.0,0.04393710962739608
2024-07-17T04:00:52+00:00,btc_mxn,1160240.0,1160750.0,0.04393710962739608
2024-07-17T04:00:53+00:00,btc_mxn,1160240.0,1160750.0,0.04393710962739608
2024-07-17T04:00:54+00:00,btc_mxn,1160240.0,1160750.0,0.04393710962739608
2024-07-17T04:00:55+00:00,btc_mxn,1160240.0,1160750.0,0.04393710962739608
2024-07-17T04:00:56+00:00,btc_mxn,1160240.0,1160750.0,0.04393710962739608
2024-07-17T04:00:57+00:00,btc_mxn,1160240.0,1160750.0,0.04393710962739608
2024-07-17T04:00:59+00:00,btc_mxn,1160240.0,1160750.0,0.04393710962739608
2024-07-17T04:01:00+00:00,btc_mxn,1160240.0,1160750.0,0.04393710962739608
2024-07-17T04:01:01+00:00,btc_mxn,1160240.0,1160750.0,0.04393710962739608
2024-07-17T04:01:02+00:00,btc_mxn,1160240.0,1160750.0,0.04393710962739608
2024-07-17T04:01:03+00:00,btc_mxn,1160240.0,1160750.0,0.04393710962739608
2024-07-17T04:01:04+00:00,btc_mxn,1160240.0,1160750.0,0.04393710962739608
2024-07-17T04:01:06+00:00,btc_mxn,1160240.0,1160750.0,0.04393710962739608
2024-07-17T04:01:07+00:00,btc_mxn,1160240.0,1160750.0,0.04393710962739608
2024-07-17T04:01:08+00:00,btc_mxn,1160240.0,1160750.0,0.04393710962739608
2024-07-17T04:01:09+00:00,btc_mxn,1160240.0,1160750.0,0.04393710962739608
2024-07-17T04:01:10+00:00,btc_mxn,1160240.0,1160750.0,0.04393710962739608
2024-07-17T04:01:12+00:00,btc_mxn,1160240.0,1160750.0,0.04393710962739608
2024-07-17T04:01:13+00:00,btc_mxn,1160240.0,1160750.0,0.04393710962739608
2024-07-17T04:01:14+00:00,btc_mxn,1160240.0,1160750.0,0.04393710962739608
2024-07-17T04:01:15+00:00,btc_mxn,1160240.0,1160750.0,0.04393710962739608
2024-07-17T04:01:16+00:00,btc_mxn,1160240.0,1160750.0,0.04393710962739608
2024-07-17T04:01:18+00:00,btc_mxn,1160240.0,1160750.0,0.04393710962739608
2024-07-17T04:01:19+00:00,btc_mxn,1160240.0,1160750.0,0.04393710962739608
2024-07-17T04:01:20+00:00,btc_mxn,1160240.0,1160750.0,0.04393710962739608
2024-07-17T04:01:21+00:00,btc_mxn,1160240.0,1160750.0,0.04393710962739608
2024-07-17T04:01:22+00:00,btc_mxn,1160240.0,1160750.0,0.04393710962739608
2024-07-17T04:01:23+00:00,btc_mxn,1160240.0,1160750.0,0.04393710962739608
2024-07-17T04:01:25+00:00,btc_mxn,1160240.0,1160750.0,0.04393710962739608
2024-07-17T04:01:26+00:00,btc_mxn,1160240.0,1160750.0,0.04393710962739608
2024-07-17T04:01:27+00:00,btc_mxn,1160240.0,1160750.0,0.04393710962739608
2024-07-17T04:01:28+00:00,btc_mxn,1160240.0,1160750.0,0.04393710962739608
2024-07-17T04:01:29+00:00,btc_mxn,1160240.0,1160750.0,0.04393710962739608
2024-07-17T04:01:30+00:00,btc_mxn,1159979.98,1160750.0,0.06633814344174185
2024-07-17T04:01:32+00:00,btc_mxn,1159979.98,1160750.0,0.06633814344174185
2024-07-17T04:01:33+00:00,btc_mxn,1159979.98,1160750.0,0.06633814344174185
2024-07-17T04:01:34+00:00,btc_mxn,1159979.98,1160750.0,0.06633814344174185
2024-07-17T04:01:35+00:00,btc_mxn,1159979.98,1160750.0,0.06633814344174185
2024-07-17T04:01:36+00:00,btc_mxn,1159979.98,1160750.0,0.06633814344174185
2024-07-17T04:01:37+00:00,btc_mxn,1159979.98,1160750.0,0.06633814344174185
2024-07-17T04:01:39+00:00,btc_mxn,1159979.98,1160800.0,0.07064266023432277
2024-07-17T04:01:40+00:00,btc_mxn,1159979.98,1160800.0,0.07064266023432277
2024-07-17T04:01:41+00:00,btc_mxn,1159979.98,1160800.0,0.07064266023432277
2024-07-17T04:01:42+00:00,btc_mxn,1159979.98,1160800.0,0.07064266023432277
2024-07-17T04:01:43+00:00,btc_mxn,1159979.98,1160800.0,0.07064266023432277
2024-07-17T04:01:44+00:00,btc_mxn,1159979.98,1160800.0,0.07064266023432277
2024-07-17T04:01:46+00:00,btc_mxn,1159979.98,1160800.0,0.07064266023432277
2024-07-17T04:01:47+00:00,btc_mxn,1159979.98,1160800.0,0.07064266023432277
2024-07-17T04:01:48+00:00,btc_mxn,1159979.98,1160800.0,0.07064266023432277
2024-07-17T04:01:49+00:00,btc_mxn,1159979.98,1160800.0,0.07064266023432277
2024-07-17T04:01:50+00:00,btc_mxn,1159979.98,1160800.0,0.07064266023432277
2024-07-17T04:01:52+00:00,btc_mxn,1159979.98,1160800.0,0.07064266023432277
2024-07-17T04:01:53+00:00,btc_mxn,1159979.98,1160800.0,0.07064266023432277
2024-07-17T04:01:54+00:00,btc_mxn,1159979.98,1160800.0,0.07064266023432277
2024-07-17T04:01:55+00:00,btc_mxn,1159979.98,1160800.0,0.07064266023432277
2024-07-17T04:01:56+00:00,btc_mxn,1159979.98,1160800.0,0.07064266023432277
2024-07-17T04:01:58+00:00,btc_mxn,1159979.98,1160800.0,0.07064266023432277
2024-07-17T04:01:59+00:00,btc_mxn,1159979.98,1160800.0,0.07064266023432277
2024-07-17T04:02:00+00:00,btc_mxn,1159979.98,1160800.0,0.07064266023432277
2024-07-17T04:02:01+00:00,btc_mxn,1159979.98,1160800.0,0.07064266023432277
2024-07-17T04:02:03+00:00,btc_mxn,1159979.98,1160800.0,0.07064266023432277
2024-07-17T04:02:04+00:00,btc_mxn,1159979.98,1160800.0,0.07064266023432277
2024-07-17T04:02:05+00:00,btc_mxn,1159979.98,1160800.0,0.07064266023432277
2024-07-17T04:02:06+00:00,btc_mxn,1159979.98,1160800.0,0.07064266023432277
2024-07-17T04:02:07+00:00,btc_mxn,1158879.98,1158880.02,3.451608393184042e-06
2024-07-17T04:02:08+00:00,btc_mxn,1158879.98,1158880.02,3.451608393184042e-06
2024-07-17T04:02:10+00:00,btc_mxn,1158879.98,1158880.02,3.451608393184042e-06
2024-07-17T04:02:11+00:00,btc_mxn,1158879.98,1158880.02,3.451608393184042e-06
2024-07-17T04:02:12+00:00,btc_mxn,1158879.98,1158880.02,3.451608393184042e-06
2024-07-17T04:02:13+00:00,btc_mxn,1158879.98,1158880.02,3.451608393184042e-06
2024-07-17T04:02:14+00:00,btc_mxn,1158879.98,1158880.02,3.451608393184042e-06
2024-07-17T04:02:16+00:00,btc_mxn,1158879.98,1158880.02,3.451608393184042e-06
2024-07-17T04:02:17+00:00,btc_mxn,1158879.98,1158880.02,3.451608393184042e-06
2024-07-17T04:02:18+00:00,btc_mxn,1158879.98,1158880.02,3.451608393184042e-06
2024-07-17T04:02:19+00:00,btc_mxn,1158879.98,1158880.02,3.451608393184042e-06
2024-07-17T04:02:20+00:00,btc_mxn,1158879.98,1158880.02,3.451608393184042e-06
2024-07-17T04:02:22+00:00,btc_mxn,1158879.98,1158880.02,3.451608393184042e-06
2024-07-17T04:02:23+00:00,btc_mxn,1158879.98,1158880.02,3.451608393184042e-06
2024-07-17T04:02:24+00:00,btc_mxn,1158879.98,1158880.02,3.451608393184042e-06
2024-07-17T04:02:25+00:00,btc_mxn,1158879.98,1158880.02,3.451608393184042e-06
2024-07-17T04:02:26+00:00,btc_mxn,1158879.98,1158880.02,3.451608393184042e-06
2024-07-17T04:02:28+00:00,btc_mxn,1158879.98,1158880.02,3.451608393184042e-06
2024-07-17T04:02:29+00:00,btc_mxn,1158879.98,1158880.02,3.451608393184042e-06
2024-07-17T04:02:30+00:00,btc_mxn,1158879.98,1158880.02,3.451608393184042e-06
2024-07-17T04:02:32+00:00,btc_mxn,1158879.98,1158880.02,3.451608393184042e-06
2024-07-17T04:02:32+00:00,btc_mxn,1158879.98,1158880.02,3.451608393184042e-06
2024-07-17T04:02:33+00:00,btc_mxn,1158879.98,1158880.02,3.451608393184042e-06
2024-07-17T04:02:35+00:00,btc_mxn,1158879.98,1158880.02,3.451608393184042e-06
2024-07-17T04:02:36+00:00,btc_mxn,1158879.98,1158880.02,3.451608393184042e-06
2024-07-17T04:02:37+00:00,btc_mxn,1158879.98,1158880.02,3.451608393184042e-06
2024-07-17T04:02:38+00:00,btc_mxn,1158879.98,1158880.02,3.451608393184042e-06
2024-07-17T04:02:39+00:00,btc_mxn,1158879.98,1158880.02,3.451608393184042e-06
2024-07-17T04:02:41+00:00,btc_mxn,1158879.98,1158880.02,3.451608393184042e-06
2024-07-17T04:02:42+00:00,btc_mxn,1158879.98,1158880.02,3.451608393184042e-06
2024-07-17T04:02:43+00:00,btc_mxn,1158879.98,1158880.02,3.451608393184042e-06
2024-07-17T04:02:44+00:00,btc_mxn,1158879.98,1158880.02,3.451608393184042e-06
2024-07-17T04:02:45+00:00,btc_mxn,1158879.98,1158880.02,3.451608393184042e-06
2024-07-17T04:02:47+00:00,btc_mxn,1158879.98,1158880.02,3.451608393184042e-06
2024-07-17T04:02:48+00:00,btc_mxn,1158879.98,1158880.02,3.451608393184042e-06
2024-07-17T04:02:49+00:00,btc_mxn,1158879.98,1158880.02,3.451608393184042e-06
2024-07-17T04:02:50+00:00,btc_mxn,1158879.98,1158880.02,3.451608393184042e-06
2024-07-17T04:02:51+00:00,btc_mxn,1158879.98,1158880.02,3.451608393184042e-06
2024-07-17T04:02:52+00:00,btc_mxn,1158879.98,1158880.02,3.451608393184042e-06
2024-07-17T04:02:54+00:00,btc_mxn,1158879.98,1158880.02,3.451608393184042e-06
2024-07-17T04:02:55+00:00,btc_mxn,1158879.98,1158880.02,3.451608393184042e-06
2024-07-17T04:02:56+00:00,btc_mxn,1158879.98,1158880.02,3.451608393184042e-06
2024-07-17T04:02:57+00:00,btc_mxn,1158879.98,1158880.02,3.451608393184042e-06
2024-07-17T04:02:58+00:00,btc_mxn,1158879.98,1158880.02,3.451608393184042e-06
2024-07-17T04:03:00+00:00,btc_mxn,1158879.98,1158880.02,3.451608393184042e-06
2024-07-17T04:03:01+00:00,btc_mxn,1158879.98,1158880.02,3.451608393184042e-06
2024-07-17T04:03:02+00:00,btc_mxn,1158879.98,1158880.02,3.451608393184042e-06
2024-07-17T04:03:03+00:00,btc_mxn,1158879.98,1158880.02,3.451608393184042e-06
2024-07-17T04:03:04+00:00,btc_mxn,1158879.98,1158880.02,3.451608393184042e-06
2024-07-17T04:03:05+00:00,btc_mxn,1158879.98,1158880.02,3.451608393184042e-06
2024-07-17T04:03:07+00:00,btc_mxn,1158879.98,1158880.02,3.451608393184042e-06
2024-07-17T04:03:08+00:00,btc_mxn,1158879.98,1158880.02,3.451608393184042e-06
2024-07-17T04:03:09+00:00,btc_mxn,1158879.98,1158880.02,3.451608393184042e-06
2024-07-17T04:03:10+00:00,btc_mxn,1158879.98,1158880.02,3.451608393184042e-06
2024-07-17T04:03:11+00:00,btc_mxn,1158879.98,1158880.02,3.451608393184042e-06
2024-07-17T04:03:13+00:00,btc_mxn,1158879.98,1158880.02,3.451608393184042e-06
2024-07-17T04:03:14+00:00,btc_mxn,1158879.98,1158880.02,3.451608393184042e-06
2024-07-17T04:03:15+00:00,btc_mxn,1158879.98,1158880.02,3.451608393184042e-06
2024-07-17T04:03:16+00:00,btc_mxn,1158879.98,1158880.02,3.451608393184042e-06
2024-07-17T04:03:17+00:00,btc_mxn,1158879.98,1158880.02,3.451608393184042e-06
2024-07-17T04:03:18+00:00,btc_mxn,1158879.98,1158880.02,3.451608393184042e-06
2024-07-17T04:03:20+00:00,btc_mxn,1158879.98,1158880.02,3.451608393184042e-06
2024-07-17T04:03:21+00:00,btc_mxn,1158879.98,1158880.02,3.451608393184042e-06
2024-07-17T04:03:22+00:00,btc_mxn,1158879.98,1158880.02,3.451608393184042e-06
2024-07-17T04:03:23+00:00,btc_mxn,1158879.98,1158880.02,3.451608393184042e-06
2024-07-17T04:03:24+00:00,btc_mxn,1158879.98,1158880.02,3.451608393184042e-06
2024-07-17T04:03:25+00:00,btc_mxn,1158879.98,1158880.02,3.451608393184042e-06
2024-07-17T04:03:27+00:00,btc_mxn,1158879.98,1158880.02,3.451608393184042e-06
2024-07-17T04:03:28+00:00,btc_mxn,1158879.98,1158880.02,3.451608393184042e-06
