user_id,login_count
02b1be0d48924c327124732726097157,1
03fcd68e5673f08be96d2b6bb5be8261,9
0fcee95cc7b4f2067da8ba1e330de18e,6
13d2b7361a27dbc9960ae158598a6a96,1
1755c118e8859eb000eb6eca25369407,3
197f76fe309657064dbec74d9eea4be4,4
1ca5c750a30312d1919ae6a4d636dcc4,1
21c5bba1dd6aed9ab48c2b34c1a0adde,1
2be5f9c2e3620eb73c2972d7552b6cb5,1
30c0a496a57bcc2c7c6c481342526729,1
310614fca8fb8e5491295336298c340f,1
36d5ef2a011f0b3e0e0fa139228bbe18,1
392526094bcba21af9fd4102ce5ed092,1
3d7d9461075eb7c37fbbfcad1d7042c1,1
404dcc91b2aeaa7caa47487d1483e48a,1
421740375847b6249d9383615831c23b,2
46072631582fc240dd2674a7d063b040,6
46384036044a604b6b3316fc167fc15f,1
4b6538a44a1dfdc2b83477cd76dee98e,2
4ca82b2a861f70cd15d83085b000dbde,3
4cc5400e63624c44fadeda99f57588a6,2
56c82ccd658e09e829f16bb99457bcbc,8
60495b4e033e9f60b32a6607b587aadd,3
618faa1728eb2ef6e3733645273ab145,3
65b0df23fd2d449ae1e4b2d27151d73b,1
6c349155b122aa8ad5c877007e05f24f,2
6e3b0bf8b7d5956ae572b15cd7ddb0e1,2
73e5080f0f3804cb9cf470a8ce895dac,2
76c538125fc5c9ec6ad1d05650a57de5,1
7b99efbc101a6013d2c710028bca5cbf,2
7d4ba7006351436c35e283b0be8ff56c,1
8804f94e16ba5b680e239a554a08f7d2,3
8aa2c95dc0a6833d2d0cb944555739cc,4
9570efef719d705326f0ff817ef084e6,1
a4351b79d9ea3d842efa89fae5d02b24,12
aa1b6b26d690368d6f74a35a7daa0916,2
ac1ae6a547bf25a11284c7595eff6df7,2
acc21473c4525b922286130ffbfe00b5,4
b16e8712b35e498857df08af3944b127,2
b5d3ad899f70013367f24e0b1fa75944,1
b6617980ce90f637e68c3ebe8b9be745,1
b72a5a099433a2099fc3d92f6ad3accf,1
ba053350fe56ed93e64b3e769062b680,2
c1285fcadc52c0d3dc8813fc2c2e2b2a,2
c5df4f4eabf1cbcfeb50fbbf97c5289f,7
c77cfd5563c8ec4bfcde94c09098ba84,2
cfa258af990f9cb188d36ddb5c6eb650,3
d785bf9067f8af9e078b93cf26de2b54,3
dc58e3a306451c9d670adcd37004f48f,3
de9621d4c6fa69ce8aaa90f00e9110c5,1
e0688d13958a19e087e123148555e4b4,1
e077e1a544eec4f0307cf5c3c721d944,1
f5a14d4963acf488e3a24780a84ac96c,1
